[
  {"id": "new-delhi", "name": "New Delhi", "state": "Delhi", "type": "city", "value": "New Delhi"},
  {"id": "delhi", "name": "Delhi", "state": "Delhi", "type": "city", "value": "Delhi"},
  {"id": "red-fort", "name": "Red Fort", "state": "Delhi", "type": "landmark", "value": "Red Fort"},
  {"id": "india-gate", "name": "India Gate", "state": "Delhi", "type": "landmark", "value": "India Gate"},
  {"id": "qutb-minar", "name": "Qutb Minar", "state": "Delhi", "type": "landmark", "value": "Qutb Minar"},
  {"id": "jama-masjid", "name": "Jama Masjid", "state": "Delhi", "type": "landmark", "value": "Jama Masjid"},
  {"id": "humayun-tomb", "name": "Humayun's Tomb", "state": "Delhi", "type": "landmark", "value": "Humayun Tomb"},
  {"id": "rashtrapati-bhavan", "name": "Rashtrapati Bhavan", "state": "Delhi", "type": "landmark", "value": "Rashtrapati Bhavan"},
  {"id": "gurgaon", "name": "Gurgaon", "state": "Haryana", "type": "city", "value": "Gurgaon"},
  {"id": "noida", "name": "Noida", "state": "Uttar Pradesh", "type": "city", "value": "Noida"},
  {"id": "faridabad", "name": "Faridabad", "state": "Haryana", "type": "city", "value": "Faridabad"},
  {"id": "mumbai", "name": "Mumbai", "state": "Maharashtra", "type": "city", "value": "Mumbai"},
  {"id": "taj-mahal", "name": "Taj Mahal", "state": "Uttar Pradesh", "type": "landmark", "value": "Taj Mahal"},
  {"id": "agra", "name": "Agra", "state": "Uttar Pradesh", "type": "city", "value": "Agra"},
  {"id": "pune", "name": "Pune", "state": "Maharashtra", "type": "city", "value": "Pune"},
  {"id": "nagpur", "name": "Nagpur", "state": "Maharashtra", "type": "city", "value": "Nagpur"},
  {"id": "aurangabad", "name": "Aurangabad", "state": "Maharashtra", "type": "city", "value": "Aurangabad"},
  {"id": "ajanta-caves", "name": "Ajanta Caves", "state": "Maharashtra", "type": "landmark", "value": "Ajanta Caves"},
  {"id": "ellora-caves", "name": "Ellora Caves", "state": "Maharashtra", "type": "landmark", "value": "Ellora Caves"},
  {"id": "bangalore", "name": "Bangalore", "state": "Karnataka", "type": "city", "value": "Bangalore"},
  {"id": "mysore", "name": "Mysore", "state": "Karnataka", "type": "city", "value": "Mysore"},
  {"id": "hampi", "name": "Hampi", "state": "Karnataka", "type": "heritage", "value": "Hampi"},
  {"id": "hyderabad", "name": "Hyderabad", "state": "Telangana", "type": "city", "value": "Hyderabad"},
  {"id": "visakhapatnam", "name": "Visakhapatnam", "state": "Andhra Pradesh", "type": "city", "value": "Visakhapatnam"},
  {"id": "tirupati", "name": "Tirupati", "state": "Andhra Pradesh", "type": "city", "value": "Tirupati"},
  {"id": "chennai", "name": "Chennai", "state": "Tamil Nadu", "type": "city", "value": "Chennai"},
  {"id": "madurai", "name": "Madurai", "state": "Tamil Nadu", "type": "city", "value": "Madurai"},
  {"id": "kanyakumari", "name": "Kanyakumari", "state": "Tamil Nadu", "type": "city", "value": "Kanyakumari"},
  {"id": "ooty", "name": "Ooty", "state": "Tamil Nadu", "type": "hill-station", "value": "Ooty"},
  {"id": "kochi", "name": "Kochi", "state": "Kerala", "type": "city", "value": "Kochi"},
  {"id": "thiruvananthapuram", "name": "Thiruvananthapuram", "state": "Kerala", "type": "city", "value": "Thiruvananthapuram"},
  {"id": "munnar", "name": "Munnar", "state": "Kerala", "type": "hill-station", "value": "Munnar"},
  {"id": "goa", "name": "Goa", "state": "Goa", "type": "state", "value": "Goa"},
  {"id": "panaji", "name": "Panaji", "state": "Goa", "type": "city", "value": "Panaji"},
  {"id": "jaipur", "name": "Jaipur", "state": "Rajasthan", "type": "city", "value": "Jaipur"},
  {"id": "jodhpur", "name": "Jodhpur", "state": "Rajasthan", "type": "city", "value": "Jodhpur"},
  {"id": "udaipur", "name": "Udaipur", "state": "Rajasthan", "type": "city", "value": "Udaipur"},
  {"id": "pushkar", "name": "Pushkar", "state": "Rajasthan", "type": "city", "value": "Pushkar"},
  {"id": "ajmer", "name": "Ajmer", "state": "Rajasthan", "type": "city", "value": "Ajmer"},
  {"id": "rajasthan", "name": "Rajasthan", "state": "Rajasthan", "type": "state", "value": "Rajasthan"},
  {"id": "mount-abu", "name": "Mount Abu", "state": "Rajasthan", "type": "hill-station", "value": "Mount Abu"},
  {"id": "lucknow", "name": "Lucknow", "state": "Uttar Pradesh", "type": "city", "value": "Lucknow"},
  {"id": "varanasi", "name": "Varanasi", "state": "Uttar Pradesh", "type": "city", "value": "Varanasi"},
  {"id": "kanpur", "name": "Kanpur", "state": "Uttar Pradesh", "type": "city", "value": "Kanpur"},
  {"id": "meerut", "name": "Meerut", "state": "Uttar Pradesh", "type": "city", "value": "Meerut"},
  {"id": "ghaziabad", "name": "Ghaziabad", "state": "Uttar Pradesh", "type": "city", "value": "Ghaziabad"},
  {"id": "ayodhya", "name": "Ayodhya", "state": "Uttar Pradesh", "type": "city", "value": "Ayodhya"},
  {"id": "mathura", "name": "Mathura", "state": "Uttar Pradesh", "type": "city", "value": "Mathura"},
  {"id": "vrindavan", "name": "Vrindavan", "state": "Uttar Pradesh", "type": "city", "value": "Vrindavan"},
  {"id": "patna", "name": "Patna", "state": "Bihar", "type": "city", "value": "Patna"},
  {"id": "gaya", "name": "Gaya", "state": "Bihar", "type": "city", "value": "Gaya"},
  {"id": "bodh-gaya", "name": "Bodh Gaya", "state": "Bihar", "type": "heritage", "value": "Bodh Gaya"},
  {"id": "ranchi", "name": "Ranchi", "state": "Jharkhand", "type": "city", "value": "Ranchi"},
  {"id": "jamshedpur", "name": "Jamshedpur", "state": "Jharkhand", "type": "city", "value": "Jamshedpur"},
  {"id": "dhanbad", "name": "Dhanbad", "state": "Jharkhand", "type": "city", "value": "Dhanbad"},
  {"id": "bhopal", "name": "Bhopal", "state": "Madhya Pradesh", "type": "city", "value": "Bhopal"},
  {"id": "indore", "name": "Indore", "state": "Madhya Pradesh", "type": "city", "value": "Indore"},
  {"id": "gwalior", "name": "Gwalior", "state": "Madhya Pradesh", "type": "city", "value": "Gwalior"},
  {"id": "khajuraho", "name": "Khajuraho", "state": "Madhya Pradesh", "type": "heritage", "value": "Khajuraho"},
  {"id": "sanchi", "name": "Sanchi", "state": "Madhya Pradesh", "type": "heritage", "value": "Sanchi"},
  {"id": "amritsar", "name": "Amritsar", "state": "Punjab", "type": "city", "value": "Amritsar"},
  {"id": "golden-temple", "name": "Golden Temple", "state": "Punjab", "type": "landmark", "value": "Golden Temple"},
  {"id": "ludhiana", "name": "Ludhiana", "state": "Punjab", "type": "city", "value": "Ludhiana"},
  {"id": "chandigarh", "name": "Chandigarh", "state": "Chandigarh", "type": "city", "value": "Chandigarh"},
  {"id": "shimla", "name": "Shimla", "state": "Himachal Pradesh", "type": "hill-station", "value": "Shimla"},
  {"id": "manali", "name": "Manali", "state": "Himachal Pradesh", "type": "hill-station", "value": "Manali"},
  {"id": "dharamshala", "name": "Dharamshala", "state": "Himachal Pradesh", "type": "city", "value": "Dharamshala"},
  {"id": "srinagar", "name": "Srinagar", "state": "Jammu & Kashmir", "type": "city", "value": "Srinagar"},
  {"id": "leh", "name": "Leh", "state": "Ladakh", "type": "city", "value": "Leh"},
  {"id": "ladakh", "name": "Ladakh", "state": "Ladakh", "type": "region", "value": "Ladakh"},
  {"id": "hisar", "name": "Hisar", "state": "Haryana", "type": "city", "value": "Hisar"},
  {"id": "rohtak", "name": "Rohtak", "state": "Haryana", "type": "city", "value": "Rohtak"},
  {"id": "gurugram", "name": "Gurugram", "state": "Haryana", "type": "city", "value": "Gurugram"},
  {"id": "dehradun", "name": "Dehradun", "state": "Uttarakhand", "type": "city", "value": "Dehradun"},
  {"id": "nainital", "name": "Nainital", "state": "Uttarakhand", "type": "hill-station", "value": "Nainital"},
  {"id": "rishikesh", "name": "Rishikesh", "state": "Uttarakhand", "type": "city", "value": "Rishikesh"},
  {"id": "haridwar", "name": "Haridwar", "state": "Uttarakhand", "type": "city", "value": "Haridwar"},
  {"id": "ahmedabad", "name": "Ahmedabad", "state": "Gujarat", "type": "city", "value": "Ahmedabad"},
  {"id": "surat", "name": "Surat", "state": "Gujarat", "type": "city", "value": "Surat"},
  {"id": "vadodara", "name": "Vadodara", "state": "Gujarat", "type": "city", "value": "Vadodara"},
  {"id": "rajkot", "name": "Rajkot", "state": "Gujarat", "type": "city", "value": "Rajkot"},
  {"id": "kolkata", "name": "Kolkata", "state": "West Bengal", "type": "city", "value": "Kolkata"},
  {"id": "darjeeling", "name": "Darjeeling", "state": "West Bengal", "type": "hill-station", "value": "Darjeeling"},
  {"id": "sundarbans", "name": "Sundarbans", "state": "West Bengal", "type": "region", "value": "Sundarbans"},
  {"id": "salem", "name": "Salem", "state": "Tamil Nadu", "type": "city", "value": "Salem"},
  {"id": "coimbatore", "name": "Coimbatore", "state": "Tamil Nadu", "type": "city", "value": "Coimbatore"},
  {"id": "thrissur", "name": "Thrissur", "state": "Kerala", "type": "city", "value": "Thrissur"},
  {"id": "guwahati", "name": "Guwahati", "state": "Assam", "type": "city", "value": "Guwahati"},
  {"id": "shillong", "name": "Shillong", "state": "Meghalaya", "type": "hill-station", "value": "Shillong"}
]
